IMAGE,MEDICINE_NAME
0.png,0
1.png,0
2.png,0
3.png,0
4.png,0
5.png,0
6.png,0
7.png,0
8.png,0
9.png,0
10.png,1
11.png,1
12.png,1
13.png,1
14.png,1
15.png,1
16.png,1
17.png,1
18.png,1
19.png,1
20.png,2
21.png,2
22.png,2
23.png,2
24.png,2
25.png,2
26.png,2
27.png,2
28.png,2
29.png,2
30.png,3
31.png,3
32.png,3
33.png,3
34.png,3
35.png,3
36.png,3
37.png,3
38.png,3
39.png,3
40.png,4
41.png,4
42.png,4
43.png,4
44.png,4
45.png,4
46.png,4
47.png,4
48.png,4
49.png,4
50.png,5
51.png,5
52.png,5
53.png,5
54.png,5
55.png,5
56.png,5
57.png,5
58.png,5
59.png,5
60.png,6
61.png,6
62.png,6
63.png,6
64.png,6
65.png,6
66.png,6
67.png,6
68.png,6
69.png,6
70.png,7
71.png,7
72.png,7
73.png,7
74.png,7
75.png,7
76.png,7
77.png,7
78.png,7
79.png,7
80.png,8
81.png,8
82.png,8
83.png,8
84.png,8
85.png,8
86.png,8
87.png,8
88.png,8
89.png,8
90.png,9
91.png,9
92.png,9
93.png,9
94.png,9
95.png,9
96.png,9
97.png,9
98.png,9
99.png,9
100.png,10
101.png,10
102.png,10
103.png,10
104.png,10
105.png,10
106.png,10
107.png,10
108.png,10
109.png,10
110.png,11
111.png,11
112.png,11
113.png,11
114.png,11
115.png,11
116.png,11
117.png,11
118.png,11
119.png,11
120.png,12
121.png,12
122.png,12
123.png,12
124.png,12
125.png,12
126.png,12
127.png,12
128.png,12
129.png,12
130.png,13
131.png,13
132.png,13
133.png,13
134.png,13
135.png,13
136.png,13
137.png,13
138.png,13
139.png,13
140.png,14
141.png,14
142.png,14
143.png,14
144.png,14
145.png,14
146.png,14
147.png,14
148.png,14
149.png,14
150.png,15
151.png,15
152.png,15
153.png,15
154.png,15
155.png,15
156.png,15
157.png,15
158.png,15
159.png,15
160.png,16
161.png,16
162.png,16
163.png,16
164.png,16
165.png,16
166.png,16
167.png,16
168.png,16
169.png,16
170.png,17
171.png,17
172.png,17
173.png,17
174.png,17
175.png,17
176.png,17
177.png,17
178.png,17
179.png,17
180.png,18
181.png,18
182.png,18
183.png,18
184.png,18
185.png,18
186.png,18
187.png,18
188.png,18
189.png,18
190.png,19
191.png,19
192.png,19
193.png,19
194.png,19
195.png,19
196.png,19
197.png,19
198.png,19
199.png,19
200.png,20
201.png,20
202.png,20
203.png,20
204.png,20
205.png,20
206.png,20
207.png,20
208.png,20
209.png,20
210.png,21
211.png,21
212.png,21
213.png,21
214.png,21
215.png,21
216.png,21
217.png,21
218.png,21
219.png,21
220.png,22
221.png,22
222.png,22
223.png,22
224.png,22
225.png,22
226.png,22
227.png,22
228.png,22
229.png,22
230.png,23
231.png,23
232.png,23
233.png,23
234.png,23
235.png,23
236.png,23
237.png,23
238.png,23
239.png,23
240.png,24
241.png,24
242.png,24
243.png,24
244.png,24
245.png,24
246.png,24
247.png,24
248.png,24
249.png,24
250.png,25
251.png,25
252.png,25
253.png,25
254.png,25
255.png,25
256.png,25
257.png,25
258.png,25
259.png,25
260.png,26
261.png,26
262.png,26
263.png,26
264.png,26
265.png,26
266.png,26
267.png,26
268.png,26
269.png,26
270.png,27
271.png,27
272.png,27
273.png,27
274.png,27
275.png,27
276.png,27
277.png,27
278.png,27
279.png,27
280.png,28
281.png,28
282.png,28
283.png,28
284.png,28
285.png,28
286.png,28
287.png,28
288.png,28
289.png,28
290.png,29
291.png,29
292.png,29
293.png,29
294.png,29
295.png,29
296.png,29
297.png,29
298.png,29
299.png,29
300.png,30
301.png,30
302.png,30
303.png,30
304.png,30
305.png,30
306.png,30
307.png,30
308.png,30
309.png,30
310.png,31
311.png,31
312.png,31
313.png,31
314.png,31
315.png,31
316.png,31
317.png,31
318.png,31
319.png,31
320.png,32
321.png,32
322.png,32
323.png,32
324.png,32
325.png,32
326.png,32
327.png,32
328.png,32
329.png,32
330.png,33
331.png,33
332.png,33
333.png,33
334.png,33
335.png,33
336.png,33
337.png,33
338.png,33
339.png,33
340.png,34
341.png,34
342.png,34
343.png,34
344.png,34
345.png,34
346.png,34
347.png,34
348.png,34
349.png,34
350.png,35
351.png,35
352.png,35
353.png,35
354.png,35
355.png,35
356.png,35
357.png,35
358.png,35
359.png,35
360.png,36
361.png,36
362.png,36
363.png,36
364.png,36
365.png,36
366.png,36
367.png,36
368.png,36
369.png,36
370.png,37
371.png,37
372.png,37
373.png,37
374.png,37
375.png,37
376.png,37
377.png,37
378.png,37
379.png,37
380.png,38
381.png,38
382.png,38
383.png,38
384.png,38
385.png,38
386.png,38
387.png,38
388.png,38
389.png,38
390.png,39
391.png,39
392.png,39
393.png,39
394.png,39
395.png,39
396.png,39
397.png,39
398.png,39
399.png,39
400.png,40
401.png,40
402.png,40
403.png,40
404.png,40
405.png,40
406.png,40
407.png,40
408.png,40
409.png,40
410.png,41
411.png,41
412.png,41
413.png,41
414.png,41
415.png,41
416.png,41
417.png,41
418.png,41
419.png,41
420.png,42
421.png,42
422.png,42
423.png,42
424.png,42
425.png,42
426.png,42
427.png,42
428.png,42
429.png,42
430.png,43
431.png,43
432.png,43
433.png,43
434.png,43
435.png,43
436.png,43
437.png,43
438.png,43
439.png,43
440.png,44
441.png,44
442.png,44
443.png,44
444.png,44
445.png,44
446.png,44
447.png,44
448.png,44
449.png,44
450.png,45
451.png,45
452.png,45
453.png,45
454.png,45
455.png,45
456.png,45
457.png,45
458.png,45
459.png,45
460.png,46
461.png,46
462.png,46
463.png,46
464.png,46
465.png,46
466.png,46
467.png,46
468.png,46
469.png,46
470.png,47
471.png,47
472.png,47
473.png,47
474.png,47
475.png,47
476.png,47
477.png,47
478.png,47
479.png,47
480.png,48
481.png,48
482.png,48
483.png,48
484.png,48
485.png,48
486.png,48
487.png,48
488.png,48
489.png,48
490.png,49
491.png,49
492.png,49
493.png,49
494.png,49
495.png,49
496.png,49
497.png,49
498.png,49
499.png,49
500.png,50
501.png,50
502.png,50
503.png,50
504.png,50
505.png,50
506.png,50
507.png,50
508.png,50
509.png,50
510.png,51
511.png,51
512.png,51
513.png,51
514.png,51
515.png,51
516.png,51
517.png,51
518.png,51
519.png,51
520.png,52
521.png,52
522.png,52
523.png,52
524.png,52
525.png,52
526.png,52
527.png,52
528.png,52
529.png,52
530.png,53
531.png,53
532.png,53
533.png,53
534.png,53
535.png,53
536.png,53
537.png,53
538.png,53
539.png,53
540.png,54
541.png,54
542.png,54
543.png,54
544.png,54
545.png,54
546.png,54
547.png,54
548.png,54
549.png,54
550.png,55
551.png,55
552.png,55
553.png,55
554.png,55
555.png,55
556.png,55
557.png,55
558.png,55
559.png,55
560.png,56
561.png,56
562.png,56
563.png,56
564.png,56
565.png,56
566.png,56
567.png,56
568.png,56
569.png,56
570.png,57
571.png,57
572.png,57
573.png,57
574.png,57
575.png,57
576.png,57
577.png,57
578.png,57
579.png,57
580.png,58
581.png,58
582.png,58
583.png,58
584.png,58
585.png,58
586.png,58
587.png,58
588.png,58
589.png,58
590.png,59
591.png,59
592.png,59
593.png,59
594.png,59
595.png,59
596.png,59
597.png,59
598.png,59
599.png,59
600.png,60
601.png,60
602.png,60
603.png,60
604.png,60
605.png,60
606.png,60
607.png,60
608.png,60
609.png,60
610.png,61
611.png,61
612.png,61
613.png,61
614.png,61
615.png,61
616.png,61
617.png,61
618.png,61
619.png,61
620.png,62
621.png,62
622.png,62
623.png,62
624.png,62
625.png,62
626.png,62
627.png,62
628.png,62
629.png,62
630.png,63
631.png,63
632.png,63
633.png,63
634.png,63
635.png,63
636.png,63
637.png,63
638.png,63
639.png,63
640.png,64
641.png,64
642.png,64
643.png,64
644.png,64
645.png,64
646.png,64
647.png,64
648.png,64
649.png,64
650.png,65
651.png,65
652.png,65
653.png,65
654.png,65
655.png,65
656.png,65
657.png,65
658.png,65
659.png,65
660.png,66
661.png,66
662.png,66
663.png,66
664.png,66
665.png,66
666.png,66
667.png,66
668.png,66
669.png,66
670.png,67
671.png,67
672.png,67
673.png,67
674.png,67
675.png,67
676.png,67
677.png,67
678.png,67
679.png,67
680.png,68
681.png,68
682.png,68
683.png,68
684.png,68
685.png,68
686.png,68
687.png,68
688.png,68
689.png,68
690.png,69
691.png,69
692.png,69
693.png,69
694.png,69
695.png,69
696.png,69
697.png,69
698.png,69
699.png,69
700.png,70
701.png,70
702.png,70
703.png,70
704.png,70
705.png,70
706.png,70
707.png,70
708.png,70
709.png,70
710.png,71
711.png,71
712.png,71
713.png,71
714.png,71
715.png,71
716.png,71
717.png,71
718.png,71
719.png,71
720.png,72
721.png,72
722.png,72
723.png,72
724.png,72
725.png,72
726.png,72
727.png,72
728.png,72
729.png,72
730.png,73
731.png,73
732.png,73
733.png,73
734.png,73
735.png,73
736.png,73
737.png,73
738.png,73
739.png,73
740.png,74
741.png,74
742.png,74
743.png,74
744.png,74
745.png,74
746.png,74
747.png,74
748.png,74
749.png,74
750.png,75
751.png,75
752.png,75
753.png,75
754.png,75
755.png,75
756.png,75
757.png,75
758.png,75
759.png,75
760.png,76
761.png,76
762.png,76
763.png,76
764.png,76
765.png,76
766.png,76
767.png,76
768.png,76
769.png,76
770.png,77
771.png,77
772.png,77
773.png,77
774.png,77
775.png,77
776.png,77
777.png,77
778.png,77
779.png,77
